Classifier,Accuracy,Precision,Recall,F1,AUC
SVM,0.946078431372549,0.9787234042553191,0.9108910891089109,0.9435897435897436,0.9776026146303951
KNN,0.946078431372549,0.96875,0.9207920792079208,0.9441624365482234,0.9576564452561761
Naive Bayes,0.946078431372549,0.96875,0.9207920792079208,0.9441624365482234,0.975968470633471
Decision Tree,0.9362745098039216,0.94,0.9306930693069307,0.9353233830845771,0.9362203210612323
Random Forest,0.946078431372549,0.96875,0.9207920792079208,0.9441624365482234,0.9869749110833413
