Gene_set,Term,Overlap,P-value,Adjusted P-value,Old P-value,Old Adjusted P-value,Odds Ratio,Combined Score,Genes
GO_Biological_Process_2021,epidermis development (GO:0008544),21/83,5.719815399653718e-22,8.030620821113818e-19,0,0,29.120157768699816,1424.3523990916854,SPRR2E;SPRR3;SPRR2G;BNC1;KRT34;GRHL3;KRT5;KRT31;FOXN1;PTHLH;KRT9;FABP5;COL7A1;KRT15;GJB5;KRT14;SPRR2A;SPRR1A;SPRR1B;S100A7;SPRR2D
GO_Biological_Process_2021,skin development (GO:0043588),13/80,1.9954721795763463e-11,1.4008214700625952e-08,0,0,16.114301908180614,397.01700469156594,SPRR3;CSTA;SPRR2G;JAG1;ALOX12;KRT9;KRT16;ITGA6;SPRR2A;SPRR1A;TP63;SPRR1B;S100A7
GO_Biological_Process_2021,keratinocyte differentiation (GO:0030216),9/41,1.5946675043942492e-09,7.463043920565087e-07,0,0,23.011151452282157,466.1277039384233,SPRR3;CSTA;SPRR2G;JAG1;KRT16;SPRR2A;SPRR1A;SPRR1B;S100A7
GO_Biological_Process_2021,epidermal cell differentiation (GO:0009913),9/53,1.7703190050750562e-08,6.213819707813447e-06,0,0,16.725198038476048,298.5367733618766,SPRR3;CSTA;SPRR2G;JAG1;KRT16;SPRR2A;SPRR1A;SPRR1B;S100A7
GO_Biological_Process_2021,hemidesmosome assembly (GO:0031581),4/12,1.0903283727665118e-05,0.0030616420707283,0,0,40.1260162601626,458.4977802489632,DST;KRT14;ITGA6;KRT5
GO_Biological_Process_2021,peptide cross-linking (GO:0018149),5/31,3.819210330920289e-05,0.0089369521743534,0,0,15.481946624803768,157.4960127906592,SPRR2E;CSTA;PI3;SPRR1A;SPRR1B
