Gene_set,Term,Overlap,P-value,Adjusted P-value,Old P-value,Old Adjusted P-value,Odds Ratio,Combined Score,Genes
GO_Biological_Process_2021,epidermis development (GO:0008544),21/83,8.762707064833196e-16,1.968104006761536e-12,0,0,13.744965990975825,476.549744914125,SPRR2E;SPRR3;SPRR2G;BNC1;KRT34;GRHL3;KRT5;KRT31;FOXN1;PTHLH;KRT9;FABP5;COL7A1;KRT15;GJB5;KRT14;SPRR2A;SPRR1A;SPRR1B;S100A7;SPRR2D
GO_Biological_Process_2021,skin development (GO:0043588),16/80,1.1344198172805383e-10,1.2739534548060445e-07,0,0,10.039256198347108,229.89625216567416,SPRR3;ASAH1;CSTA;SPRR2G;JAG1;ALOX12;KRT9;TGM1;KRT16;ITGA6;SFN;SPRR2A;SPRR1A;TP63;SPRR1B;S100A7
GO_Biological_Process_2021,keratinocyte differentiation (GO:0030216),11/41,3.4275059606527147e-09,2.566059462541999e-06,0,0,14.59918200408998,284.55897738277963,TGM1;SPRR3;ASAH1;CSTA;SPRR2G;JAG1;KRT16;SPRR2A;SPRR1A;SPRR1B;S100A7
GO_Biological_Process_2021,epidermal cell differentiation (GO:0009913),11/53,6.306723445470843e-08,3.5412252146318784e-05,0,0,10.421560035056968,172.7797156580785,TGM1;SPRR3;ASAH1;CSTA;SPRR2G;JAG1;KRT16;SPRR2A;SPRR1A;SPRR1B;S100A7
GO_Biological_Process_2021,peptide cross-linking (GO:0018149),6/31,0.00010249406765367763,0.0460403351900319,0,0,9.461538461538462,86.91090718661968,SPRR2E;TGM1;CSTA;PI3;SPRR1A;SPRR1B
